Timestamp,FrameID,Speed,YawRate,Signal1,Signal2
100.027656,100,60.08,-0.55,0,0
100.055328,101,60.16,-0.01,0,0
100.083004,102,60.24,0.02,0,0
100.110656,103,60.32,0.68,0,0
100.138379,104,60.4,0.52,0,0
100.166055,105,60.48,0.6,0,0
100.193746,106,60.56,0.82,0,0
100.221401,107,60.64,0.04,0,0
100.249096,108,60.72,-0.37,0,0
100.276804,109,60.8,0.09,0,0
100.304495,110,60.88,0.45,0,0
100.332222,111,60.96,-0.37,0,0
100.359937,112,61.04,0.41,0,0
100.387635,113,61.12,-0.51,0,0
100.415302,114,61.2,0.76,0,0
100.44305,115,61.28,0.03,0,0
100.47071,116,61.36,0.53,0,0
100.498446,117,61.44,-0.38,0,0
100.526181,118,61.52,-0.4,0,0
100.553841,119,61.6,0.61,0,0
100.581532,120,61.68,0.37,0,0
100.609227,121,61.76,-0.85,0,0
100.636956,122,61.84,0.48,0,0
100.664698,123,61.92,-0.71,0,0
100.692389,124,62.0,0.97,0,0
100.720118,125,62.08,0.09,0,0
100.747819,126,62.16,0.94,0,0
100.775538,127,62.24,0.94,0,0
100.803215,128,62.32,0.24,0,0
100.830885,129,62.4,-0.68,0,0
100.858628,130,62.48,0.53,0,0
100.88634,131,62.56,-0.37,0,0
100.914076,132,62.64,-0.99,0,0
100.941803,133,62.72,-0.43,0,0
100.969528,134,62.8,-0.25,0,0
100.99718,135,62.88,-0.02,0,0
101.024847,136,62.96,-0.58,0,0
101.052574,137,63.04,0.13,0,0
101.080239,138,63.12,0.79,0,0
101.107975,139,63.2,-0.91,0,0
101.135666,140,63.28,-0.2,0,0
101.163338,141,63.36,-0.99,0,0
101.191002,142,63.44,0.21,0,0
101.218706,143,63.52,0.04,0,0
101.2464,144,63.6,0.39,0,0
101.274095,145,63.68,-0.26,0,0
101.301773,146,63.76,0.13,0,0
101.329499,147,63.84,0.28,0,0
101.357193,148,63.92,0.93,0,0
101.384847,149,64.0,0.07,0,0
101.412537,150,64.08,-0.29,0,0
101.44022,151,64.16,0.23,0,0
101.467909,152,64.24,-0.19,0,0
101.495653,153,64.32,0.17,0,0
101.523343,154,64.4,0.89,0,0
101.551063,155,64.48,-0.61,0,0
101.578772,156,64.56,0.46,0,0
101.606487,157,64.64,-0.6,0,0
101.634149,158,64.72,0.65,0,0
101.661857,159,64.8,-0.25,0,0
101.689585,160,64.88,-0.22,0,0
101.717323,161,64.96,0.43,0,0
101.745059,162,65.04,-0.5,0,0
101.772781,163,65.12,-0.85,0,0
101.80053,164,65.2,0.23,0,0
101.82827,165,65.28,-0.98,0,0
101.856,166,65.36,0.54,0,0
101.883704,167,65.44,-0.69,0,0
101.911399,168,65.52,-0.14,0,0
101.939125,169,65.6,-0.28,0,0
101.966824,170,65.68,0.02,0,0
101.994537,171,65.76,-0.69,0,0
102.022192,172,65.84,1.0,0,0
102.049918,173,65.92,-0.57,0,0
102.077576,174,66.0,0.49,0,0
102.105255,175,66.08,0.21,0,0
102.132916,176,66.16,0.73,0,0
102.160644,177,66.24,0.15,0,0
102.188357,178,66.32,-0.95,0,0
102.216036,179,66.4,0.53,0,0
102.243785,180,66.48,-0.03,0,0
102.271532,181,66.56,-0.17,0,0
102.2992,182,66.64,0.42,0,0
102.326916,183,66.72,-0.45,0,0
102.354577,184,66.8,0.65,0,0
102.382301,185,66.88,0.2,0,0
102.41,186,66.96,-0.04,0,0
102.437744,187,67.04,-0.44,0,0
102.465493,188,67.12,-0.92,0,0
102.493227,189,67.2,0.41,0,0
102.520884,190,67.28,-0.47,0,0
102.548617,191,67.36,0.13,0,0
102.576324,192,67.44,-0.22,0,0
102.60407,193,67.52,-0.01,0,0
102.631804,194,67.6,-0.34,0,0
102.659546,195,67.68,0.48,0,0
102.687246,196,67.76,0.71,0,0
102.714954,197,67.84,0.15,0,0
102.742617,198,67.92,-0.15,0,0
102.770363,199,68.0,0.41,0,0
102.798022,200,68.08,-0.06,0,0
102.825698,201,68.16,0.31,12,71
102.853352,202,68.24,-0.0,12,85
102.881078,203,68.32,0.01,12,81
102.908779,204,68.4,0.64,12,88
102.936435,205,68.48,-0.98,12,75
102.96411,206,68.56,0.64,12,71
102.991798,207,68.64,0.98,12,74
103.019475,208,68.72,1.0,12,88
103.047168,209,68.8,-0.27,12,73
103.074842,210,68.88,0.33,12,89
103.102537,211,68.96,0.49,12,82
103.130219,212,69.04,-0.29,12,85
103.157885,213,69.12,-0.57,12,82
103.185552,214,69.2,-0.27,12,78
103.213287,215,69.28,-0.45,12,80
103.241023,216,69.36,-0.13,12,74
103.268711,217,69.44,-0.61,12,85
103.296449,218,69.52,-0.02,12,74
103.324136,219,69.6,0.49,12,83
103.35181,220,69.68,0.09,12,77
103.379504,221,69.76,0.87,12,83
103.407241,222,69.84,0.73,12,78
103.434897,223,69.92,-0.4,12,75
103.462594,224,70.0,-0.76,12,85
103.490334,225,70.08,0.7,12,82
103.518046,226,70.16,0.93,12,72
103.545747,227,70.24,-0.7,12,78
103.573433,228,70.32,-0.21,12,78
103.601086,229,70.4,0.71,12,78
103.628825,230,70.48,0.07,12,87
103.656495,231,70.56,-0.58,12,77
103.684225,232,70.64,-0.14,12,81
103.711917,233,70.72,0.44,12,85
103.739571,234,70.8,-0.69,12,71
103.767278,235,70.88,-0.51,12,90
103.79494,236,70.96,-0.2,12,80
103.822637,237,71.04,0.94,12,74
103.850319,238,71.12,0.3,12,84
103.87803,239,71.2,0.86,12,87
103.905717,240,71.28,0.91,12,80
103.933414,241,71.36,0.17,12,76
103.96112,242,71.44,0.51,12,77
103.988771,243,71.52,0.08,12,79
104.016457,244,71.6,-0.7,12,82
104.044134,245,71.68,0.59,12,73
104.071844,246,71.76,-0.24,12,88
104.099538,247,71.84,0.64,12,73
104.127232,248,71.92,-0.15,12,79
104.154934,249,72.0,-0.33,12,83
104.182592,250,72.08,-0.69,12,77
104.210254,251,72.16,0.61,12,86
104.237953,252,72.24,0.26,12,74
104.26568,253,72.32,-0.03,12,74
104.29343,254,72.4,0.98,12,83
104.32115,255,72.48,-0.6,12,89
104.348805,256,72.56,0.84,12,88
104.376495,257,72.64,-0.66,12,85
104.404239,258,72.72,-0.19,12,79
104.431914,259,72.8,0.1,12,72
104.459655,260,72.88,0.37,12,78
104.487367,261,72.96,-0.88,12,80
104.515018,262,73.04,0.76,12,87
104.542669,263,73.12,-0.22,12,79
104.5704,264,73.2,-0.64,12,71
104.598141,265,73.28,0.0,12,82
104.625849,266,73.36,-0.78,12,85
104.653502,267,73.44,0.54,12,73
104.681228,268,73.52,-0.24,12,80
104.708967,269,73.6,-0.89,12,83
104.736675,270,73.68,0.4,12,89
104.764339,271,73.76,0.67,12,73
104.79199,272,73.84,-0.06,12,81
104.819689,273,73.92,-0.67,12,78
104.847362,274,74.0,-0.14,12,72
104.87505,275,74.08,-0.46,12,74
104.90277,276,74.16,0.36,12,85
104.930472,277,74.24,0.53,12,87
104.958127,278,74.32,0.5,12,81
104.985829,279,74.4,-0.18,12,72
105.013546,280,74.48,-0.31,12,89
105.04125,281,74.56,-0.18,12,88
105.068936,282,74.64,-0.82,12,88
105.096612,283,74.72,-0.38,12,80
105.124279,284,74.8,0.6,12,89
105.152007,285,74.88,0.6,12,77
105.179726,286,74.96,0.2,12,81
105.207393,287,75.04,-0.2,12,71
105.235065,288,75.12,0.14,12,81
105.262764,289,75.2,-0.74,12,71
105.290473,290,75.28,-0.96,12,87
105.318156,291,75.36,-0.49,12,79
105.345832,292,75.44,-0.95,12,87
105.373507,293,75.52,-0.37,12,79
105.401242,294,75.6,-0.8,12,79
105.428907,295,75.68,-0.31,12,89
105.456572,296,75.76,0.43,12,75
105.484286,297,75.84,-0.35,12,72
105.511938,298,75.92,-0.11,12,78
105.539687,299,76.0,-0.96,12,76
105.567386,300,76.08,-0.31,12,89
105.59504,301,76.16,0.21,12,73
105.622709,302,76.24,0.83,12,83
105.650382,303,76.32,-0.46,12,84
105.67807,304,76.4,0.67,12,78
105.705785,305,76.48,0.82,12,70
105.7335,306,76.56,0.95,12,87
105.761172,307,76.64,-0.47,12,79
105.788897,308,76.72,-0.78,12,88
105.816551,309,76.8,-0.89,12,90
105.844275,310,76.88,0.89,12,89
105.871961,311,76.96,0.48,12,72
105.899678,312,77.04,0.09,12,76
105.92734,313,77.12,-0.56,12,76
105.955072,314,77.2,0.27,12,75
105.982767,315,77.28,-0.35,12,82
106.010509,316,77.36,-0.9,12,80
106.038226,317,77.44,0.33,12,72
106.065952,318,77.52,0.22,12,82
106.093694,319,77.6,0.35,12,84
106.121433,320,77.68,0.58,12,78
106.149101,321,77.76,0.64,12,90
106.176798,322,77.84,-0.39,12,73
106.204542,323,77.92,-0.29,12,90
106.232216,324,78.0,-0.26,12,78
106.25987,325,78.08,-0.99,12,86
106.287526,326,78.16,0.08,12,74
106.315212,327,78.24,0.97,12,82
106.342908,328,78.32,0.63,12,80
106.370564,329,78.4,0.27,12,84
106.398224,330,78.48,-0.24,12,83
106.425934,331,78.56,-0.16,12,84
106.453666,332,78.64,-0.53,12,88
106.481372,333,78.72,-0.71,12,81
106.5091,334,78.8,0.32,12,74
106.536798,335,78.88,0.04,12,77
106.564496,336,78.96,-0.96,12,71
106.592224,337,79.04,0.34,12,87
106.619962,338,79.12,0.7,12,77
106.647613,339,79.2,-0.33,12,87
106.675349,340,79.28,0.58,12,84
106.703088,341,79.36,-0.76,12,87
106.730784,342,79.44,-0.65,12,74
106.758526,343,79.52,0.07,12,86
106.786179,344,79.6,0.59,12,83
106.813896,345,79.68,0.53,12,72
106.841599,346,79.76,0.27,12,78
106.869315,347,79.84,0.13,12,71
106.896968,348,79.92,0.19,12,81
106.924664,349,80.0,-0.66,12,76
106.952395,350,80.08,0.52,12,84
106.980052,351,80.16,-0.84,12,80
107.00774,352,80.24,-0.4,12,72
107.035487,353,80.32,-0.69,12,88
107.063214,354,80.4,0.67,12,75
107.09089,355,80.48,0.42,12,72
107.118541,356,80.56,0.19,12,76
107.146222,357,80.64,0.87,12,82
107.17397,358,80.72,0.86,12,86
107.201715,359,80.8,-0.34,12,83
107.229453,360,80.88,-0.56,12,72
107.257173,361,80.96,-0.53,12,82
107.284903,362,81.04,0.99,12,86
107.312639,363,81.12,0.27,12,70
107.340385,364,81.2,-0.16,12,79
107.368056,365,81.28,0.56,12,82
107.39571,366,81.36,-0.96,12,85
107.423459,367,81.44,0.78,12,79
107.451139,368,81.52,0.31,12,85
107.478807,369,81.6,0.2,12,87
107.50654,370,81.68,0.89,12,76
107.534192,371,81.76,0.95,12,81
107.561934,372,81.84,0.26,12,78
107.589666,373,81.92,-0.75,12,74
107.617373,374,82.0,0.97,12,75
107.645117,375,82.08,-0.29,12,87
107.672801,376,82.16,-0.64,12,75
107.700547,377,82.24,0.37,12,78
107.728252,378,82.32,-0.16,12,86
107.755951,379,82.4,-0.28,12,83
107.783646,380,82.48,0.23,12,75
107.811392,381,82.56,0.91,12,76
107.839105,382,82.64,-0.49,12,88
107.866799,383,82.72,-0.02,12,82
107.894461,384,82.8,0.96,12,85
107.922148,385,82.88,-0.67,12,74
107.949836,386,82.96,0.83,12,85
107.977527,387,83.04,-0.2,12,87
108.005186,388,83.12,-0.17,12,75
108.032865,389,83.2,0.32,12,86
108.060523,390,83.28,0.11,12,76
108.088205,391,83.36,0.03,12,77
108.11593,392,83.44,-0.2,12,85
108.143651,393,83.52,-0.35,12,80
108.171321,394,83.6,0.23,12,89
108.198982,395,83.68,-0.54,12,75
108.226632,396,83.76,0.94,12,70
108.254367,397,83.84,0.51,12,78
108.282039,398,83.92,0.05,12,75
108.309788,399,84.0,-0.79,12,85
108.33744,400,84.08,0.65,12,78
108.365171,401,84.16,0.42,12,74
108.392904,402,84.24,-0.42,12,72
108.420555,403,84.32,-0.96,12,82
108.448285,404,84.4,-0.32,12,86
108.476024,405,84.48,0.86,12,82
108.503737,406,84.56,-1.0,12,85
108.531403,407,84.64,-0.13,12,89
108.559137,408,84.72,0.58,12,74
108.586873,409,84.8,0.72,12,84
108.614557,410,84.88,-1.0,12,83
108.642208,411,84.96,0.32,12,86
108.669885,412,85.04,0.99,12,81
108.697541,413,85.12,0.07,12,73
108.725233,414,85.2,0.85,12,90
108.752926,415,85.28,-0.78,12,89
108.780611,416,85.36,0.99,12,86
108.808311,417,85.44,0.32,12,80
108.836046,418,85.52,-0.88,12,74
108.863792,419,85.6,-0.65,12,82
108.891502,420,85.68,-0.68,12,81
108.919246,421,85.76,-0.53,12,85
108.946964,422,85.84,-1.0,12,76
108.974668,423,85.92,-0.11,12,79
109.00237,424,86.0,0.65,12,82
109.03004,425,86.08,0.35,12,74
109.057744,426,86.16,-0.33,12,87
109.08544,427,86.24,0.95,12,85
109.113147,428,86.32,0.34,12,87
109.140806,429,86.4,-0.62,12,82
109.168477,430,86.48,0.83,12,78
109.196161,431,86.56,0.27,12,75
109.223894,432,86.64,0.54,12,89
109.251602,433,86.72,-0.3,12,88
109.279263,434,86.8,0.09,12,90
109.30699,435,86.88,0.81,12,90
109.334693,436,86.96,0.12,12,72
109.362343,437,87.04,-0.22,12,76
109.389997,438,87.12,-0.54,12,88
109.417673,439,87.2,-0.38,12,87
109.445355,440,87.28,0.72,12,80
109.473089,441,87.36,-0.2,12,72
109.500807,442,87.44,-0.99,12,75
109.528483,443,87.52,-0.07,12,81
109.556158,444,87.6,-0.24,12,78
109.583835,445,87.68,0.23,12,88
109.61155,446,87.76,0.56,12,81
109.639284,447,87.84,0.97,12,86
109.666959,448,87.92,-0.74,12,74
109.694618,449,88.0,0.65,12,77
109.722331,450,88.08,0.29,12,88
109.750004,451,88.16,-0.43,12,87
109.777747,452,88.24,-0.02,12,77
109.805427,453,88.32,-0.39,12,74
109.833093,454,88.4,0.75,12,70
109.860805,455,88.48,-0.39,12,71
109.888494,456,88.56,0.67,12,75
109.916218,457,88.64,0.54,12,79
109.943959,458,88.72,0.09,12,74
109.971693,459,88.8,0.76,12,85
109.999438,460,88.88,-0.7,12,86
110.027167,461,88.96,-0.28,12,77
110.054858,462,89.04,0.33,12,80
110.08252,463,89.12,-0.45,12,89
110.110267,464,89.2,-0.28,12,86
110.138013,465,89.28,0.18,12,83
110.165674,466,89.36,0.27,12,74
110.193353,467,89.44,-0.95,12,84
110.221052,468,89.52,-0.41,12,83
110.248781,469,89.6,-0.71,12,82
110.276468,470,89.68,0.28,12,75
110.304163,471,89.76,0.97,12,86
110.331855,472,89.84,0.59,12,84
110.359572,473,89.92,-0.13,12,88
110.387225,474,90.0,-0.73,12,72
110.41495,475,90.08,-0.04,12,83
110.442695,476,90.16,-0.43,12,87
110.470394,477,90.24,-0.47,12,74
110.498139,478,90.32,-0.1,12,79
110.52588,479,90.4,0.41,12,79
110.5536,480,90.48,0.76,12,86
110.581345,481,90.56,-0.48,12,70
110.609007,482,90.64,0.91,12,83
110.636714,483,90.72,-0.93,12,73
110.664436,484,90.8,0.54,12,83
110.692132,485,90.88,0.37,12,78
110.719791,486,90.96,-0.01,12,75
110.747496,487,91.04,0.2,12,87
110.775178,488,91.12,-0.23,12,79
110.802904,489,91.2,0.77,12,86
110.830597,490,91.28,0.53,12,75
110.858288,491,91.36,-0.22,12,82
110.885948,492,91.44,-0.62,12,87
110.91365,493,91.52,0.54,12,82
110.94138,494,91.6,-0.79,12,75
110.96911,495,91.68,0.33,12,70
110.996769,496,91.76,0.16,12,76
111.024453,497,91.84,0.68,12,74
111.052171,498,91.92,-0.98,12,73
111.079896,499,92.0,0.48,12,85
111.107593,500,92.08,-0.32,12,76
111.135289,501,92.16,0.29,12,88
111.162954,502,92.24,0.6,12,82
111.19065,503,92.32,-0.81,12,86
111.218388,504,92.4,0.1,12,72
111.246117,505,92.48,-0.68,12,72
111.273791,506,92.56,-0.2,12,73
111.3015,507,92.64,-0.94,12,77
111.329177,508,92.72,0.01,12,82
111.356851,509,92.8,-0.08,12,73
111.38452,510,92.88,0.09,12,82
111.412201,511,92.96,-0.02,12,72
111.439859,512,93.04,-0.35,12,77
111.467546,513,93.12,-0.78,12,73
111.495288,514,93.2,-0.71,12,88
111.52299,515,93.28,-0.31,12,79
111.550656,516,93.36,-0.32,12,82
111.578332,517,93.44,-0.08,12,85
111.606016,518,93.52,0.32,12,70
111.633724,519,93.6,0.08,12,75
111.661397,520,93.68,0.92,12,84
111.689072,521,93.76,-0.49,12,89
111.716783,522,93.84,-0.5,12,81
111.744472,523,93.92,0.14,12,80
111.772142,524,94.0,-0.18,12,88
111.799814,525,94.08,-0.81,12,85
111.827521,526,94.16,-0.66,12,77
111.855247,527,94.24,-0.82,12,80
111.882991,528,94.32,0.61,12,76
111.910659,529,94.4,-0.71,12,77
111.938407,530,94.48,-0.3,12,72
111.966091,531,94.56,0.84,12,83
111.993765,532,94.64,-0.08,12,74
112.021434,533,94.72,0.32,12,71
112.049115,534,94.8,0.22,12,86
112.076826,535,94.88,-0.26,12,75
112.104554,536,94.96,-0.39,12,88
112.132293,537,95.04,0.74,12,84
112.160012,538,95.12,-0.25,12,78
112.187718,539,95.2,-0.97,12,90
112.215402,540,95.28,-0.54,12,82
112.243081,541,95.36,0.32,12,79
112.270826,542,95.44,0.67,12,87
112.298492,543,95.52,0.49,12,75
112.326156,544,95.6,0.35,12,77
112.353818,545,95.68,0.57,12,86
112.381547,546,95.76,-0.28,12,72
112.409202,547,95.84,-0.58,12,74
112.436918,548,95.92,0.16,12,74
112.464639,549,96.0,-0.93,12,81
112.492352,550,96.08,0.08,12,82
112.520014,551,96.16,0.54,12,73
112.547667,552,96.24,-0.65,12,80
112.575326,553,96.32,0.25,12,74
112.602985,554,96.4,-0.91,12,80
112.63064,555,96.48,0.13,12,85
112.658385,556,96.56,-0.12,12,83
112.686076,557,96.64,-0.36,12,74
112.713761,558,96.72,0.95,12,88
112.741477,559,96.8,0.09,12,90
112.769149,560,96.88,0.83,12,89
112.796886,561,96.96,0.57,12,73
112.824555,562,97.04,-0.94,12,85
112.852276,563,97.12,0.97,12,81
112.879953,564,97.2,-0.13,12,84
112.907643,565,97.28,-0.45,12,88
112.935319,566,97.36,-0.99,12,85
112.962986,567,97.44,-0.51,12,73
112.990692,568,97.52,-0.8,12,83
113.018392,569,97.6,0.35,12,88
113.046139,570,97.68,-0.19,12,88
113.073802,571,97.76,-0.79,12,89
113.1015,572,97.84,-0.34,12,79
113.129186,573,97.92,0.77,12,83
113.156883,574,98.0,0.08,12,74
113.184609,575,98.08,-0.51,12,76
113.212313,576,98.16,0.64,12,75
113.24,577,98.24,0.5,12,80
113.267689,578,98.32,0.34,12,74
113.295426,579,98.4,-0.47,12,86
113.323089,580,98.48,0.39,12,89
113.350768,581,98.56,-0.18,12,72
113.378454,582,98.64,0.41,12,80
113.406143,583,98.72,-0.16,12,87
113.433857,584,98.8,-1.0,12,77
113.461595,585,98.88,-0.27,12,77
113.489339,586,98.96,0.07,12,88
113.517053,587,99.04,0.97,12,81
113.544731,588,99.12,0.21,12,76
113.572477,589,99.2,0.04,12,84
113.600154,590,99.28,1.0,12,72
113.627874,591,99.36,0.85,12,76
113.655618,592,99.44,-0.95,12,84
113.683346,593,99.52,0.93,12,71
113.711004,594,99.6,0.47,12,76
113.738751,595,99.68,-0.71,12,75
113.76643,596,99.76,0.64,12,89
113.794149,597,99.84,-0.72,12,72
113.821812,598,99.92,0.98,12,81
113.849491,599,100.0,0.95,12,88
113.877185,600,100.08,0.13,12,83
113.904868,601,100.16,0.22,12,74
113.932615,602,100.24,-0.03,12,90
113.960319,603,100.32,-0.75,12,83
113.988,604,100.4,0.2,12,77
114.015704,605,100.48,-0.24,12,85
114.043379,606,100.56,-0.3,12,81
114.071121,607,100.64,0.96,12,83
114.09885,608,100.72,0.26,12,84
114.126555,609,100.8,-0.32,12,73
114.154221,610,100.88,0.94,12,87
114.1819,611,100.96,0.86,12,85
114.209584,612,101.04,-0.31,12,76
114.237265,613,101.12,-0.55,12,72
114.264973,614,101.2,0.35,12,73
114.292676,615,101.28,-0.05,12,80
114.320342,616,101.36,-0.11,12,75
114.348072,617,101.44,-0.15,12,73
114.375773,618,101.52,-0.23,12,81
114.40349,619,101.6,0.01,12,88
114.431204,620,101.68,-0.38,12,76
114.458872,621,101.76,0.89,12,76
114.486536,622,101.84,0.1,12,80
114.514243,623,101.92,0.3,12,86
114.541944,624,102.0,0.41,12,75
114.569602,625,102.08,0.68,12,72
114.597329,626,102.16,0.3,12,82
114.625028,627,102.24,-0.19,12,89
114.65271,628,102.32,-0.75,12,72
114.680444,629,102.4,-0.73,12,89
114.708135,630,102.48,0.6,12,75
114.735861,631,102.56,-0.78,12,74
114.763533,632,102.64,-0.7,12,78
114.791223,633,102.72,0.77,12,81
114.818966,634,102.8,-0.18,12,75
114.846667,635,102.88,-0.31,12,72
114.874385,636,102.96,0.65,12,76
114.902099,637,103.04,0.95,12,81
114.929806,638,103.12,-0.16,12,85
114.957513,639,103.2,-0.35,12,80
114.985196,640,103.28,0.02,12,71
115.012945,641,103.36,-0.04,12,89
115.040618,642,103.44,0.91,12,85
115.068361,643,103.52,-0.77,12,74
115.096039,644,103.6,-0.62,12,78
115.123788,645,103.68,-0.66,12,73
115.151515,646,103.76,0.28,12,76
115.179235,647,103.84,-0.78,12,81
115.206896,648,103.92,-0.04,12,75
115.234558,649,104.0,-0.62,12,80
115.26227,650,104.08,0.51,12,80
115.290003,651,104.16,-0.44,12,75
115.317667,652,104.24,-0.0,12,88
115.345372,653,104.32,0.59,12,87
115.37305,654,104.4,0.18,12,82
115.400754,655,104.48,-0.48,12,74
115.42842,656,104.56,-0.15,12,74
115.456136,657,104.64,-0.48,12,71
115.483847,658,104.72,-0.85,12,80
115.511502,659,104.8,0.67,12,74
115.539174,660,104.88,0.13,12,80
115.56689,661,104.96,-0.78,12,85
115.594594,662,105.04,0.89,12,71
115.622248,663,105.12,-0.25,12,83
115.649938,664,105.2,0.25,12,88
115.677655,665,105.28,-0.21,12,79
115.705379,666,105.36,-0.6,12,88
115.733041,667,105.44,0.23,12,89
115.760705,668,105.52,-0.38,12,83
115.788411,669,105.6,-0.34,12,90
115.816086,670,105.68,0.84,12,88
115.843821,671,105.76,0.01,12,87
115.87155,672,105.84,0.62,12,80
115.899222,673,105.92,0.21,12,81
115.926945,674,106.0,0.77,12,88
115.954674,675,106.08,0.23,12,75
115.982408,676,106.16,-0.22,12,78
116.010105,677,106.24,0.94,12,73
116.037762,678,106.32,-0.91,12,71
116.065434,679,106.4,0.4,12,72
116.093136,680,106.48,-0.02,12,84
116.120861,681,106.56,-0.02,12,86
116.148514,682,106.64,-0.49,12,71
116.176194,683,106.72,-0.87,12,90
116.203929,684,106.8,0.42,12,74
116.231626,685,106.88,-0.73,12,78
116.259332,686,106.96,-0.18,12,88
116.286983,687,107.04,0.35,12,82
116.314683,688,107.12,0.57,12,90
116.342418,689,107.2,-0.82,12,85
116.370095,690,107.28,0.48,12,80
116.397797,691,107.36,0.79,12,76
116.425536,692,107.44,-0.14,12,72
116.453209,693,107.52,-0.05,12,72
116.480955,694,107.6,-0.78,12,89
116.508633,695,107.68,0.36,12,72
116.536314,696,107.76,0.56,12,73
116.564029,697,107.84,-0.39,12,82
116.591762,698,107.92,-0.46,12,80
116.619471,699,108.0,-0.49,12,88
116.647175,700,108.08,-0.51,12,73
116.674888,701,108.16,0.99,12,81
116.702594,702,108.24,-0.13,12,81
116.730258,703,108.32,0.23,12,74
116.757969,704,108.4,0.3,12,72
116.785638,705,108.48,-0.08,12,73
116.813371,706,108.56,0.06,12,72
116.841081,707,108.64,0.04,12,74
116.868823,708,108.72,-0.24,12,70
116.896552,709,108.8,-0.59,12,76
116.924234,710,108.88,0.65,12,88
116.951927,711,108.96,0.81,12,90
116.979651,712,109.04,0.02,12,86
117.00734,713,109.12,0.57,12,71
117.035005,714,109.2,-0.97,12,87
117.062735,715,109.28,-0.43,12,88
117.090394,716,109.36,0.04,12,75
117.118057,717,109.44,-0.55,12,77
117.145727,718,109.52,0.19,12,82
117.173458,719,109.6,0.2,12,74
117.20116,720,109.68,-0.1,12,82
117.228852,721,109.76,0.56,12,83
117.256541,722,109.84,-0.92,12,74
117.284242,723,109.92,-0.0,12,81
117.311978,724,110.0,0.81,12,82
117.339656,725,110.08,0.71,12,84
117.367365,726,110.16,-0.11,12,86
117.395094,727,110.24,0.47,12,79
117.422793,728,110.32,0.53,12,88
117.4505,729,110.4,0.32,12,77
117.478163,730,110.48,-0.41,12,70
117.505838,731,110.56,-0.73,12,78
117.533545,732,110.64,0.73,12,83
117.561286,733,110.72,0.73,12,77
117.589015,734,110.8,0.12,12,72
117.616739,735,110.88,0.63,12,73
117.644486,736,110.96,0.54,12,81
117.672166,737,111.04,-0.86,12,81
117.699898,738,111.12,-0.9,12,81
117.727553,739,111.2,0.89,12,87
117.755292,740,111.28,1.0,12,71
117.78303,741,111.36,-0.08,12,76
117.810726,742,111.44,-0.77,12,73
117.838464,743,111.52,0.44,12,87
117.866199,744,111.6,0.89,12,74
117.893861,745,111.68,-0.67,12,80
117.921552,746,111.76,-0.15,12,71
117.949208,747,111.84,-0.56,12,81
117.976928,748,111.92,0.06,12,83
118.004619,749,112.0,0.29,12,89
118.032367,750,112.08,-0.79,12,73
118.060113,751,112.16,0.05,12,84
118.087821,752,112.24,-0.73,12,89
118.11556,753,112.32,-0.54,12,77
118.143309,754,112.4,0.39,12,89
118.170999,755,112.48,0.44,12,87
118.198654,756,112.56,-0.04,12,71
118.226368,757,112.64,0.04,12,75
118.254087,758,112.72,0.91,12,80
118.281761,759,112.8,-0.38,12,81
118.309488,760,112.88,-0.02,12,82
118.337153,761,112.96,-0.31,12,73
118.364884,762,113.04,0.09,12,82
118.392543,763,113.12,-0.05,12,80
118.420278,764,113.2,0.26,12,72
118.447988,765,113.28,0.07,12,73
118.475735,766,113.36,0.24,12,86
118.503484,767,113.44,0.56,12,78
118.531196,768,113.52,-0.08,12,83
118.558945,769,113.6,-0.22,12,90
118.58668,770,113.68,0.44,12,75
118.614396,771,113.76,0.48,12,88
118.642103,772,113.84,0.32,12,78
118.669838,773,113.92,0.94,12,81
118.697526,774,114.0,-0.06,12,83
118.725214,775,114.08,0.02,12,72
118.75287,776,114.16,0.27,12,86
118.780576,777,114.24,-0.28,12,87
118.808316,778,114.32,-0.25,12,73
118.835968,779,114.4,0.53,12,74
118.863702,780,114.48,0.43,12,79
118.891405,781,114.56,0.15,12,89
118.919059,782,114.64,0.34,12,75
118.946786,783,114.72,0.55,12,71
118.974504,784,114.8,-0.3,12,70
119.002193,785,114.88,0.4,12,72
119.029919,786,114.96,0.32,12,79
119.057644,787,115.04,0.78,12,71
119.085377,788,115.12,0.56,12,88
119.113122,789,115.2,0.85,12,72
119.140857,790,115.28,0.6,12,77
119.168541,791,115.36,0.69,12,82
119.196233,792,115.44,-0.94,12,75
119.223934,793,115.52,0.71,12,75
119.251594,794,115.6,-0.59,12,87
119.27934,795,115.68,-0.39,12,86
119.307034,796,115.76,-0.5,12,77
119.3347,797,115.84,-0.35,12,89
119.362391,798,115.92,0.79,12,76
119.390061,799,116.0,0.89,12,73
119.417711,800,116.08,-0.26,12,84
119.445446,801,116.16,-0.82,12,70
119.473136,802,116.24,0.52,12,74
119.500801,803,116.32,-0.95,12,79
119.528532,804,116.4,-0.04,12,76
119.556194,805,116.48,0.92,12,90
119.583941,806,116.56,-0.9,12,81
119.611605,807,116.64,0.05,12,86
119.639266,808,116.72,0.89,12,75
119.66693,809,116.8,0.96,12,82
119.694593,810,116.88,-0.23,12,90
119.722322,811,116.96,-0.75,12,75
119.749995,812,117.04,0.28,12,87
119.777697,813,117.12,0.86,12,90
119.805405,814,117.2,0.19,12,85
119.833093,815,117.28,-0.88,12,77
119.860823,816,117.36,-0.59,12,89
119.888483,817,117.44,-0.93,12,75
119.916145,818,117.52,-0.49,12,82
119.943822,819,117.6,0.02,12,77
119.97148,820,117.68,0.16,12,75
119.999199,821,117.76,0.62,12,83
120.026873,822,117.84,0.59,12,74
120.05457,823,117.92,-0.25,12,70
120.082303,824,118.0,0.16,12,85
120.109977,825,118.08,-0.43,12,72
120.13766,826,118.16,0.81,12,84
120.165337,827,118.24,0.07,12,75
120.193056,828,118.32,-0.73,12,80
120.220744,829,118.4,-0.98,12,74
120.248413,830,118.48,0.88,12,74
120.276117,831,118.56,-0.74,12,79
120.303853,832,118.64,-0.1,12,78
120.331513,833,118.72,0.58,12,89
120.359211,834,118.8,0.4,12,71
120.386927,835,118.88,-0.78,12,77
120.414659,836,118.96,-0.58,12,85
120.442373,837,119.04,0.38,12,71
120.470059,838,119.12,-0.1,12,83
120.49779,839,119.2,0.36,12,75
120.525528,840,119.28,0.11,12,79
120.553207,841,119.36,0.11,12,70
120.580873,842,119.44,0.55,12,83
120.608616,843,119.52,-0.17,12,89
120.636272,844,119.6,0.41,12,89
120.663999,845,119.68,-0.89,12,75
120.691684,846,119.76,0.43,12,86
120.719411,847,119.84,0.52,12,85
120.747093,848,119.92,-0.5,12,75
120.774749,849,120.0,-0.52,12,71
120.802454,850,120.02,-0.54,12,76
120.830159,851,120.01,0.95,12,73
120.857887,852,120.01,-0.69,12,73
120.885553,853,120.04,0.2,12,85
120.913258,854,120.01,0.1,12,71
120.940928,855,120.04,-0.33,12,86
120.968665,856,119.97,-0.55,12,79
120.996329,857,120.05,0.7,12,82
121.024008,858,119.95,-0.58,12,84
121.05171,859,120.03,0.96,12,83
121.079372,860,120.03,-0.15,12,79
121.107116,861,119.99,0.47,12,86
121.13482,862,120.07,0.54,12,85
121.162567,863,120.02,0.81,12,86
121.190289,864,119.97,-0.11,12,73
121.21797,865,120.05,0.25,12,83
121.245623,866,119.95,0.02,12,71
121.273313,867,120.03,0.57,12,76
121.300991,868,120.0,-0.39,12,75
121.328653,869,120.02,0.65,12,87
121.356335,870,119.99,-0.64,12,84
121.384044,871,120.07,0.94,12,78
121.411759,872,119.96,-0.13,12,72
121.439463,873,120.04,0.09,12,74
121.467151,874,120.01,-0.87,12,84
121.49489,875,120.01,-0.74,12,82
121.522592,876,120.0,0.26,12,72
121.550245,877,119.97,0.47,12,82
121.577928,878,120.05,-0.06,12,74
121.605669,879,119.97,0.2,12,82
121.633393,880,120.05,0.64,12,79
121.661057,881,119.99,0.59,12,83
121.688784,882,120.07,-0.87,12,82
121.716528,883,120.05,-0.57,12,84
121.74422,884,120.01,0.14,12,74
121.771924,885,120.0,0.6,12,77
121.799597,886,119.99,0.36,12,70
121.827316,887,120.07,-0.38,12,89
121.855036,888,119.99,0.88,12,79
121.882743,889,120.07,0.35,12,82
121.91047,890,120.0,-0.56,12,75
121.938138,891,119.97,-0.24,12,85
121.965886,892,120.05,0.53,12,73
121.993634,893,119.97,0.47,12,88
122.021319,894,120.05,0.46,12,89
122.049049,895,120.04,0.5,12,87
122.076742,896,120.03,0.76,12,84
122.104464,897,119.98,0.01,12,90
122.132172,898,120.06,-0.09,12,81
122.159838,899,120.0,-0.01,12,86
122.187547,900,120.01,0.36,12,88
122.2152,901,120.04,-0.33,12,80
122.242945,902,120.04,-0.89,12,82
122.270677,903,120.02,-0.11,12,88
122.298402,904,120.01,-0.69,12,77
122.326063,905,119.98,0.61,12,75
122.353729,906,120.06,0.75,12,89
122.381432,907,120.0,-0.17,12,70
122.409139,908,119.96,-0.73,12,83
122.43684,909,120.04,0.99,12,71
122.464524,910,119.96,0.98,12,75
122.492208,911,120.04,0.21,12,73
122.519953,912,120.04,-0.87,12,70
122.547685,913,119.97,0.47,12,82
122.575388,914,120.05,-0.21,12,87
122.603136,915,119.98,0.99,12,87
122.630834,916,120.06,0.45,12,78
122.658529,917,120.05,0.75,12,81
122.68619,918,119.97,0.81,12,88
122.713841,919,120.05,0.42,12,72
122.741582,920,120.03,0.74,12,74
122.769312,921,119.95,0.23,12,86
122.797002,922,120.03,-0.05,12,76
122.824674,923,120.03,-0.59,12,73
122.852408,924,120.02,0.31,12,73
122.880103,925,120.01,0.61,12,86
122.907842,926,120.02,-0.04,12,87
122.935515,927,120.0,-0.44,12,81
122.963243,928,120.03,-0.93,12,77
122.99093,929,120.0,-0.82,12,70
123.01863,930,119.96,-0.03,12,87
123.046379,931,120.04,-0.5,12,72
123.074082,932,119.98,-0.4,12,80
123.101741,933,120.06,0.78,12,82
123.129452,934,119.97,0.36,12,79
123.157182,935,120.05,-0.08,12,75
123.184851,936,119.98,-0.9,12,74
123.212562,937,120.06,-0.81,12,82
123.240215,938,119.97,0.39,12,76
123.267918,939,120.05,-0.48,12,83
123.295569,940,119.96,-0.3,12,71
123.323284,941,120.04,0.65,12,73
123.350969,942,120.0,0.16,12,77
123.37871,943,119.99,-0.06,12,79
123.406458,944,120.07,0.91,12,85
123.434171,945,120.04,-0.73,12,82
123.461906,946,120.04,0.1,12,80
123.489605,947,120.02,0.48,12,73
123.51727,948,119.99,0.72,12,89
123.544937,949,120.07,-0.92,12,77
123.572672,950,120.0,0.61,12,74
123.600379,951,120.03,-0.67,12,84
123.62804,952,120.02,-0.38,12,86
123.655704,953,120.04,-0.27,12,77
123.683402,954,120.01,0.93,12,89
123.711075,955,119.95,0.52,12,87
123.738728,956,120.03,0.95,12,88
123.766429,957,120.03,-0.75,12,73
123.794158,958,119.97,0.05,12,78
123.821901,959,120.05,-0.51,12,81
123.849555,960,119.98,-0.77,12,80
123.877234,961,120.06,0.61,12,88
123.904937,962,120.01,0.58,12,86
123.932637,963,120.04,0.77,12,78
123.960315,964,120.04,0.71,12,84
123.987995,965,119.99,0.97,12,73
124.015648,966,120.07,0.59,12,81
124.043358,967,119.95,-0.23,12,78
124.071095,968,120.03,-0.19,12,74
124.09884,969,119.98,-0.11,12,79
124.126524,970,120.06,0.74,12,78
124.154192,971,120.02,0.72,12,83
124.181878,972,119.99,-0.17,12,80
124.20957,973,120.07,0.46,12,73
124.237222,974,119.97,-0.8,12,83
124.264872,975,120.05,0.09,12,89
124.292574,976,120.04,-0.26,12,80
124.32029,977,119.96,0.66,12,71
124.347981,978,120.04,0.37,12,83
124.375668,979,120.02,0.56,12,78
124.403338,980,120.04,-0.62,12,81
124.431069,981,120.02,-0.1,12,76
124.458776,982,119.96,-0.59,12,72
124.4865,983,120.04,-0.6,12,87
124.514187,984,120.0,-0.5,12,78
124.54189,985,120.04,-0.1,12,81
124.569587,986,120.01,0.04,12,84
124.597256,987,120.01,0.97,12,82
124.624983,988,119.97,-0.17,12,85
124.65271,989,120.05,-0.77,12,83
124.680407,990,120.01,0.4,12,73
124.708105,991,120.04,-0.99,12,80
124.735781,992,119.97,-0.42,12,89
124.763504,993,120.05,1.0,12,73
124.791213,994,120.03,0.45,12,74
124.818881,995,119.97,-0.33,12,89
124.846601,996,120.05,-0.78,12,73
124.87431,997,119.98,0.91,12,87
124.901996,998,120.06,-0.86,12,79
124.929744,999,120.01,-0.99,12,85
124.957457,1000,120.02,0.97,12,89
124.985108,1001,120.01,-0.59,12,86
125.012782,1002,119.98,-0.93,12,78
125.040513,1003,120.06,-0.56,12,80
125.068241,1004,120.0,-0.66,12,77
125.095912,1005,119.97,0.39,12,86
125.12359,1006,120.05,-0.66,12,87
125.151328,1007,119.99,-0.06,12,76
125.179023,1008,120.07,0.14,12,78
125.206706,1009,120.01,0.77,12,71
125.234424,1010,119.97,0.73,12,88
125.262152,1011,120.05,-0.55,12,88
125.289826,1012,119.97,0.67,12,78
125.31751,1013,120.05,0.34,12,72
125.345211,1014,120.04,-0.41,12,88
125.372918,1015,120.03,0.01,12,70
125.400651,1016,120.05,0.28,12,81
125.428386,1017,120.04,0.3,12,72
125.456091,1018,119.97,0.26,12,75
125.483767,1019,120.05,-0.56,12,84
125.511499,1020,120.02,0.04,12,83
125.53918,1021,120.02,-0.29,12,78
125.566919,1022,119.98,-0.11,12,80
125.594638,1023,120.06,0.06,12,86
125.622345,1024,119.97,0.51,12,76
125.650041,1025,120.05,0.21,12,78
125.677758,1026,119.95,-0.49,12,70
125.705418,1027,120.03,-0.34,12,88
125.73311,1028,120.0,0.22,12,89
125.760822,1029,120.03,-0.57,12,78
125.788509,1030,119.95,-0.09,12,78
125.816159,1031,120.03,0.25,12,72
125.843905,1032,120.05,-0.01,12,71
125.871612,1033,120.05,-0.4,12,81
125.899316,1034,120.02,-0.61,12,88
125.926978,1035,119.97,-0.86,12,87
125.954668,1036,120.05,0.79,12,79
125.982353,1037,120.01,0.01,12,72
126.010034,1038,119.98,-0.35,12,82
126.037684,1039,120.06,-0.33,12,74
126.065349,1040,119.97,-0.84,12,76
126.093048,1041,120.05,0.85,12,83
126.120725,1042,119.98,0.18,12,89
126.148383,1043,120.06,0.02,12,75
126.17611,1044,120.04,0.21,12,75
126.203796,1045,120.02,0.09,12,90
126.231461,1046,120.02,0.78,12,72
126.259202,1047,120.02,-0.14,12,75
126.286865,1048,119.97,-0.66,12,86
126.31455,1049,120.05,0.9,12,88
126.342255,1050,119.99,0.11,12,71
126.369944,1051,120.07,0.65,12,77
126.397637,1052,119.96,0.52,12,89
126.425346,1053,120.04,-0.99,12,88
126.453032,1054,120.01,-0.6,12,76
126.480768,1055,120.0,-0.96,12,82
126.508518,1056,120.03,-0.96,12,73
126.53625,1057,119.97,-0.71,12,85
126.563974,1058,120.05,-0.07,12,81
126.591658,1059,120.0,-0.61,12,72
126.619319,1060,120.04,-0.32,12,77
126.647026,1061,119.98,-1.0,12,74
126.674769,1062,120.06,-0.88,12,75
126.702479,1063,119.99,0.37,12,78
126.730179,1064,120.07,0.27,12,80
126.75784,1065,120.02,0.29,12,74
126.785559,1066,120.0,-0.35,12,74
126.813297,1067,119.99,-0.45,12,85
126.840949,1068,120.07,-0.48,12,86
126.868639,1069,119.97,0.39,12,78
126.896349,1070,120.05,0.12,12,82
126.924033,1071,120.02,0.23,12,78
126.951694,1072,120.01,0.32,12,87
126.979372,1073,120.02,-0.01,12,89
127.007025,1074,120.01,-0.96,12,73
127.034737,1075,119.98,-0.24,12,88
127.062436,1076,120.06,0.04,12,72
127.090173,1077,120.0,0.72,12,73
127.117826,1078,119.98,0.79,12,78
127.14553,1079,120.06,0.32,12,75
127.173269,1080,120.05,0.98,12,79
127.200973,1081,120.04,0.77,12,78
127.228636,1082,120.03,-0.73,12,70
127.256294,1083,119.98,0.31,12,74
127.284039,1084,120.06,-0.39,12,81
127.311692,1085,120.04,-0.51,12,87
127.339342,1086,120.03,-0.13,12,82
127.367082,1087,119.99,-0.31,12,83
127.394766,1088,120.07,-0.76,12,78
127.422433,1089,119.97,-0.37,12,81
127.450173,1090,120.05,0.22,12,77
127.477868,1091,120.03,-0.14,12,86
127.505527,1092,119.97,0.5,12,87
127.533277,1093,120.05,0.97,12,87
127.56096,1094,120.03,0.31,12,90
127.588647,1095,120.0,0.98,12,89
127.616381,1096,119.96,-0.26,12,87
127.644092,1097,120.04,-0.84,12,75
127.671779,1098,120.05,-0.76,12,82
127.699509,1099,120.01,-0.52,12,76
127.727166,1100,119.96,-0.08,12,90
127.754829,1101,120.04,0.49,12,78
127.782497,1102,119.99,0.98,12,73
127.810246,1103,120.07,0.38,12,89
127.837942,1104,119.99,0.85,12,88
127.865674,1105,120.07,-0.72,12,89
127.893411,1106,120.02,-0.73,12,71
127.92109,1107,119.98,-0.68,12,78
127.948813,1108,120.06,0.18,12,76
127.976508,1109,119.98,0.15,12,77
128.004208,1110,120.06,0.92,12,71
128.03186,1111,119.97,-0.03,12,88
128.059568,1112,120.05,-0.1,12,72
128.087257,1113,120.02,0.4,12,85
128.114985,1114,119.98,-0.26,12,83
128.142659,1115,120.06,-0.03,12,79
128.170355,1116,120.04,0.79,12,86
128.198077,1117,119.99,-0.74,12,85
128.225754,1118,120.07,-0.94,12,81
128.253433,1119,119.95,-0.06,12,85
128.281147,1120,120.03,0.42,12,87
128.308829,1121,119.99,0.07,12,73
128.336547,1122,120.07,0.67,12,71
128.364247,1123,120.01,0.81,12,70
128.391993,1124,120.05,-0.03,12,83
128.419729,1125,119.99,-0.19,12,82
128.447429,1126,120.07,0.43,12,80
128.475112,1127,120.02,0.45,12,89
128.502798,1128,120.0,0.36,12,79
128.530489,1129,120.02,0.58,12,77
128.558149,1130,120.04,-0.76,12,77
128.585865,1131,119.98,-0.9,12,73
128.61356,1132,120.06,0.61,12,81
128.641244,1133,119.99,0.83,12,75
128.668926,1134,120.07,0.46,12,76
128.696676,1135,120.0,0.39,12,71
128.724356,1136,119.95,-0.18,12,84
128.752051,1137,120.03,0.7,12,71
128.77979,1138,119.96,-0.86,12,73
128.807446,1139,120.04,0.81,12,83
128.835119,1140,119.99,0.23,12,79
128.862778,1141,120.07,0.64,12,71
128.890447,1142,120.0,-0.92,12,72
128.918169,1143,119.98,0.7,12,88
128.945893,1144,120.06,-0.18,12,88
128.973629,1145,119.98,0.81,12,83
129.00134,1146,120.06,-0.84,12,73
129.029047,1147,119.95,-0.48,12,81
129.056743,1148,120.03,0.92,12,84
129.084484,1149,120.0,-0.34,12,89
129.112176,1150,119.97,0.07,12,72
129.13983,1151,120.05,0.54,12,83
129.167485,1152,119.98,-0.98,12,76
129.195138,1153,120.06,0.58,12,75
129.222794,1154,119.97,-0.32,12,83
129.250455,1155,120.05,-0.09,12,84
129.278135,1156,120.04,-0.46,12,70
129.305855,1157,119.97,-0.91,12,77
129.333553,1158,120.05,-0.76,12,74
129.361225,1159,119.99,-0.62,12,90
129.388973,1160,120.07,-0.51,12,89
129.416689,1161,119.98,-0.84,12,87
129.444387,1162,120.06,-0.27,12,74
129.472072,1163,120.0,-0.86,12,76
129.499818,1164,120.03,-0.23,12,82
129.527568,1165,119.99,0.35,12,84
129.555297,1166,120.07,0.79,12,79
129.582964,1167,119.99,-0.88,12,76
129.61067,1168,120.07,-0.5,12,79
129.638347,1169,119.98,-0.07,12,76
129.666038,1170,120.06,-0.17,12,88
129.693693,1171,119.99,0.71,12,74
129.7214,1172,120.07,0.68,12,83
129.749107,1173,120.02,0.35,12,86
129.776788,1174,120.01,-0.79,12,80
129.804495,1175,119.96,0.32,12,71
129.832202,1176,120.04,0.05,12,90
129.859919,1177,119.97,0.67,12,76
129.887618,1178,120.05,0.09,12,88
129.915302,1179,120.04,-0.13,12,84
129.943033,1180,120.02,0.05,12,77
129.970695,1181,120.0,0.54,12,89
129.998371,1182,120.01,-0.04,12,75
130.026119,1183,120.04,-0.29,12,71
130.053849,1184,120.04,-0.94,12,90
130.081581,1185,120.0,0.53,12,72
130.109295,1186,120.02,0.03,12,79
130.137006,1187,120.01,-0.32,12,87
130.164701,1188,119.97,-0.82,12,87
130.192445,1189,120.05,0.75,12,82
130.220174,1190,120.04,0.74,12,88
130.247837,1191,120.04,0.49,12,75
130.275511,1192,120.01,0.79,12,72
130.303231,1193,119.97,0.7,12,75
130.330937,1194,120.05,0.51,12,84
130.358683,1195,119.99,-0.18,12,72
130.386335,1196,120.07,0.67,12,76
130.414023,1197,119.97,0.71,12,75
130.441768,1198,120.05,0.48,12,79
130.469468,1199,120.03,0.56,12,75
130.497162,1200,119.96,-0.9,12,79
130.524857,1201,120.04,-0.31,12,78
130.552544,1202,119.97,0.11,12,89
130.580261,1203,120.05,0.68,12,87
130.607987,1204,119.99,-0.92,12,78
130.63569,1205,120.07,0.63,12,73
130.663428,1206,120.0,-0.1,12,89
130.691092,1207,120.01,-0.07,12,86
130.718754,1208,119.97,-0.83,12,75
130.746479,1209,120.05,0.4,12,87
130.774209,1210,120.0,0.43,12,75
130.801911,1211,119.95,0.72,12,87
130.829572,1212,120.03,0.49,12,72
130.857313,1213,120.03,-0.71,12,77
130.884999,1214,120.01,0.25,12,78
130.91267,1215,119.96,0.63,12,73
130.940409,1216,120.04,0.6,12,71
130.96812,1217,119.98,-0.26,12,85
130.995825,1218,120.06,0.14,12,80
131.023558,1219,119.95,0.06,12,80
131.051237,1220,120.03,0.05,12,71
131.078976,1221,119.96,0.07,12,82
131.106667,1222,120.04,-0.33,12,75
131.134412,1223,120.01,0.01,12,81
131.16211,1224,120.02,-0.05,12,71
131.189784,1225,119.98,0.5,12,73
131.217509,1226,120.06,-0.97,12,84
131.245212,1227,120.01,-0.34,12,84
131.272921,1228,119.99,0.33,12,84
131.300669,1229,120.07,0.62,12,86
131.328413,1230,120.04,0.67,12,73
131.356137,1231,119.96,0.5,12,84
131.383858,1232,120.04,0.17,12,82
131.41154,1233,120.02,-0.09,12,74
131.439249,1234,120.01,0.85,12,79
131.466931,1235,119.96,0.09,12,88
131.494619,1236,120.04,0.85,12,85
131.522301,1237,119.99,0.21,12,80
131.550006,1238,120.07,0.09,12,71
131.577738,1239,120.01,0.78,12,77
131.605426,1240,120.03,0.52,12,80
131.633093,1241,120.01,0.27,12,72
131.660744,1242,120.02,-0.92,12,72
131.688452,1243,120.0,0.96,12,87
131.71614,1244,120.02,-0.58,12,75
131.743875,1245,120.05,-0.9,12,85
131.771621,1246,119.99,0.06,12,78
131.799366,1247,120.07,-0.81,12,76
131.82708,1248,119.98,-0.97,12,74
131.854807,1249,120.06,-0.25,12,83
131.882534,1250,119.98,0.6,12,82
131.910269,1251,120.06,0.19,12,87
131.937993,1252,120.02,0.78,12,70
131.965688,1253,120.05,-0.22,12,90
131.993368,1254,120.03,-0.18,12,88
132.021081,1255,119.96,-0.32,12,89
132.048772,1256,120.04,-0.65,12,76
132.076448,1257,119.96,0.8,12,81
132.104133,1258,120.04,-0.86,12,76
132.131819,1259,120.05,-0.39,12,75
132.159545,1260,119.99,-0.48,12,89
132.187205,1261,120.07,0.1,12,85
132.214916,1262,119.99,0.76,12,76
132.24261,1263,120.07,-0.46,12,71
132.270262,1264,119.99,0.66,12,87
132.298011,1265,120.07,-0.71,12,75
132.325753,1266,120.05,0.85,12,82
132.353492,1267,120.03,-0.08,12,76
132.381232,1268,119.99,-0.92,12,71
132.408893,1269,120.07,0.17,12,84
132.436558,1270,119.99,1.0,12,71
132.464276,1271,120.07,0.47,12,75
132.492024,1272,120.05,-0.14,12,88
132.519696,1273,119.99,-0.34,12,85
132.547353,1274,120.07,0.18,12,74
132.575014,1275,119.97,0.39,12,80
132.602665,1276,120.05,-0.96,12,78
132.630366,1277,120.03,0.64,12,88
132.658064,1278,120.01,0.63,12,84
132.685723,1279,119.98,-0.95,12,80
132.713403,1280,120.06,0.6,12,74
132.741103,1281,119.95,-0.53,12,84
132.768824,1282,120.03,0.45,12,78
132.796568,1283,120.0,-0.43,12,88
132.824303,1284,119.96,-0.69,12,85
132.852018,1285,120.04,-0.4,12,72
132.879671,1286,120.01,-0.35,12,76
132.907407,1287,119.99,0.89,12,85
132.935148,1288,120.07,-0.6,12,78
132.96285,1289,119.98,0.89,12,82
132.990597,1290,120.06,-0.28,12,83
133.018307,1291,120.0,0.85,12,84
133.045983,1292,120.04,-1.0,12,76
133.073705,1293,119.96,-0.28,12,80
133.101368,1294,120.04,-0.75,12,85
133.129056,1295,119.95,-0.06,12,71
133.156779,1296,120.03,-0.62,12,80
133.184492,1297,119.99,-0.06,12,78
133.212223,1298,120.07,0.07,12,88
133.239927,1299,120.0,-0.94,12,74
133.26764,1300,120.0,0.98,12,87
133.295301,1301,119.98,-0.07,12,82
133.32304,1302,120.06,-0.82,12,90
133.350736,1303,120.04,0.67,12,82
133.37846,1304,119.99,0.24,12,80
133.406136,1305,120.07,0.4,12,75
133.433865,1306,120.0,0.41,12,90
133.461545,1307,120.05,-0.81,12,71
133.489282,1308,119.99,-0.44,12,84
133.51701,1309,120.07,-0.79,12,88
133.544729,1310,119.97,0.4,12,72
133.572406,1311,120.05,-0.83,12,79
133.600131,1312,120.03,-0.93,12,85
133.627874,1313,120.0,0.24,12,88
133.65558,1314,120.04,0.14,12,86
133.683293,1315,119.95,0.64,12,74
133.710984,1316,120.03,-0.81,12,78
133.738675,1317,120.0,-0.27,12,70
133.766403,1318,119.96,-0.74,12,74
133.794091,1319,120.04,-0.83,12,80
133.821763,1320,120.03,0.14,12,87
133.849453,1321,120.01,-0.09,12,75
133.877167,1322,119.97,0.97,12,75
133.904905,1323,120.05,-0.39,12,78
133.932652,1324,119.99,0.69,12,71
133.960313,1325,120.07,0.55,12,87
133.988012,1326,119.97,0.18,12,84
134.015699,1327,120.05,-0.43,12,88
134.043401,1328,120.02,-0.64,12,89
134.071066,1329,120.03,0.12,12,81
134.098775,1330,119.95,-0.51,12,79
134.126452,1331,120.03,0.86,12,87
134.154133,1332,120.04,0.84,12,75
134.181788,1333,119.96,0.25,12,88
134.209453,1334,120.04,-0.91,12,77
134.237192,1335,120.04,-0.99,12,84
134.264882,1336,120.0,0.76,12,73
134.292537,1337,120.04,-0.78,12,73
134.320191,1338,119.98,0.9,12,87
134.347928,1339,120.06,-0.51,12,78
134.375626,1340,120.04,0.98,12,74
134.40334,1341,120.0,-0.28,12,72
134.431008,1342,120.04,-0.78,12,83
134.458754,1343,119.97,0.65,12,75
134.48646,1344,120.05,-0.26,12,87
134.514186,1345,120.03,0.0,12,84
134.54191,1346,119.98,-0.0,12,79
134.56963,1347,120.06,-0.62,12,87
134.597315,1348,120.0,-0.86,12,80
134.625021,1349,119.97,0.94,12,89
134.652762,1350,120.05,0.64,12,76
134.680415,1351,120.04,0.77,12,75
134.708079,1352,120.01,-0.32,12,78
134.735828,1353,120.02,0.33,12,75
134.763507,1354,120.02,-0.26,12,86
134.791196,1355,119.99,0.98,12,86
134.818913,1356,120.07,-0.02,12,80
134.846578,1357,120.0,0.86,12,77
134.874285,1358,120.03,0.62,12,71
134.902023,1359,120.02,-0.33,12,82
134.929743,1360,119.96,0.44,12,84
134.957489,1361,120.04,-0.5,12,75
134.985238,1362,119.96,0.13,12,89
135.012892,1363,120.04,0.43,12,79
135.040615,1364,120.03,-0.09,12,87
135.068285,1365,120.01,-0.53,12,84
135.096014,1366,120.01,0.37,12,74
135.123698,1367,120.03,0.87,12,77
135.151426,1368,120.05,0.93,12,75
135.179159,1369,120.02,-0.79,12,86
135.206875,1370,119.99,-0.2,12,77
135.234575,1371,120.07,0.33,12,88
135.262308,1372,120.01,0.76,12,83
135.290003,1373,120.02,0.75,12,79
135.317663,1374,119.96,0.57,12,76
135.345335,1375,120.04,-0.18,12,84
135.373033,1376,119.97,0.94,12,90
135.400699,1377,120.05,-0.22,12,77
135.42843,1378,120.02,-0.27,12,72
135.456089,1379,119.97,0.72,12,78
135.483743,1380,120.05,0.07,12,88
135.511448,1381,120.01,-0.43,12,81
135.539124,1382,120.02,0.82,12,83
135.566826,1383,120.01,0.39,12,76
135.594481,1384,120.03,-0.7,12,81
135.622132,1385,120.04,-0.17,12,76
135.649796,1386,120.02,-0.87,12,88
135.677508,1387,120.0,0.25,12,87
135.705179,1388,120.02,0.6,12,81
135.732928,1389,120.0,-0.05,12,84
135.760588,1390,120.04,-0.75,12,89
135.788295,1391,120.03,0.41,12,72
135.816023,1392,120.02,0.7,12,73
135.843697,1393,119.97,-0.88,12,79
135.871375,1394,120.05,-0.26,12,81
135.89909,1395,119.96,0.13,12,82
135.926768,1396,120.04,0.21,12,74
135.95443,1397,119.96,0.59,12,83
135.982086,1398,120.04,0.49,12,76
136.009818,1399,120.03,-0.01,12,77
136.037524,1400,120.05,-0.96,12,85
136.065245,1401,120.02,0.58,12,78
136.092982,1402,120.03,0.21,12,86
136.12072,1403,119.98,0.95,12,82
136.148458,1404,120.06,-0.22,12,86
136.176149,1405,119.95,-0.82,12,83
136.203882,1406,120.03,-0.9,12,73
136.231558,1407,119.97,-0.88,12,79
136.259259,1408,120.05,-0.51,12,73
136.28695,1409,119.96,-0.61,12,76
136.314618,1410,120.04,0.84,12,87
136.342275,1411,120.01,-0.56,12,82
136.370021,1412,120.05,0.36,12,72
136.397761,1413,119.99,-0.32,12,71
136.42543,1414,120.07,-0.72,12,83
136.453123,1415,119.95,-0.84,12,86
136.480834,1416,120.03,-0.68,12,72
136.508505,1417,119.96,-0.28,12,83
136.536239,1418,120.04,0.18,12,74
136.563943,1419,120.05,-0.69,12,78
136.591614,1420,120.03,0.78,12,79
136.619358,1421,120.03,0.71,12,83
136.647092,1422,119.97,-0.77,12,86
136.674811,1423,120.05,0.84,12,89
136.702532,1424,120.02,0.92,12,71
136.730233,1425,120.02,-0.42,12,76
136.757888,1426,120.0,-0.26,12,72
136.785608,1427,120.01,0.52,12,80
136.813338,1428,120.0,-0.69,12,82
136.841034,1429,119.97,0.86,12,73
136.868707,1430,120.05,0.13,12,70
136.896374,1431,120.05,-0.74,12,83
136.92407,1432,119.95,-0.33,12,73
136.951796,1433,120.03,-0.49,12,85
136.979528,1434,120.0,-0.12,12,74
137.007185,1435,120.0,1.0,12,78
137.034905,1436,120.03,0.86,12,78
137.062578,1437,119.99,-0.15,12,71
137.090301,1438,120.07,-0.62,12,79
137.117964,1439,120.01,0.91,12,79
137.145684,1440,119.99,-0.09,12,71
137.173376,1441,120.07,-0.39,12,76
137.201118,1442,120.04,-0.62,12,87
137.228864,1443,120.04,0.2,12,73
137.256603,1444,120.04,0.26,12,73
137.284255,1445,120.04,-0.08,12,80
137.312003,1446,120.05,-0.93,12,74
137.339736,1447,120.0,0.16,12,77
137.367466,1448,120.02,-0.48,12,75
137.395184,1449,119.95,0.75,12,81
137.422902,1450,120.03,0.79,12,82
137.45061,1451,120.0,0.2,12,86
137.478274,1452,120.02,-0.62,12,80
137.506,1453,119.96,-0.32,12,82
137.533745,1454,120.04,-0.2,12,79
137.561401,1455,119.97,0.96,12,87
137.589141,1456,120.05,0.69,12,82
137.616867,1457,119.98,-0.93,12,74
137.644544,1458,120.06,-0.42,12,79
137.672198,1459,119.96,-0.27,12,80
137.699899,1460,120.04,0.35,12,85
137.727597,1461,120.01,-0.42,12,83
137.755312,1462,119.98,0.73,12,88
137.782997,1463,120.06,0.98,12,89
137.810695,1464,119.98,0.65,12,82
137.838428,1465,120.06,-0.95,12,80
137.866134,1466,119.98,0.63,12,72
137.893861,1467,120.06,-0.4,12,78
137.921563,1468,119.95,-0.28,12,78
137.949215,1469,120.03,-0.5,12,89
137.97691,1470,119.99,-0.69,12,89
138.004619,1471,120.07,-0.42,12,78
138.032322,1472,119.96,-0.39,12,79
138.060008,1473,120.04,0.9,12,88
138.087693,1474,119.97,-0.64,12,87
138.11536,1475,120.05,0.01,12,90
138.143074,1476,120.0,-0.73,12,85
138.170772,1477,120.02,0.81,12,72
138.198444,1478,120.03,0.55,12,90
138.22611,1479,119.99,0.95,12,77
138.253845,1480,120.07,-0.37,12,87
138.281583,1481,119.98,-0.83,12,87
138.30925,1482,120.06,-0.6,12,84
138.336942,1483,119.96,0.8,12,82
138.364632,1484,120.04,-0.19,12,89
138.392349,1485,119.98,-0.25,12,78
138.420036,1486,120.06,-0.17,12,85
138.447728,1487,120.0,0.42,12,78
138.475384,1488,119.96,0.22,12,88
138.503098,1489,120.04,-0.23,12,79
138.530821,1490,119.99,0.04,12,76
138.558553,1491,120.07,0.08,12,88
138.586298,1492,119.99,0.39,12,80
138.614005,1493,120.07,-0.79,12,77
138.641721,1494,120.01,0.37,12,90
138.669418,1495,119.97,0.99,12,87
138.697107,1496,120.05,0.31,12,76
138.724854,1497,119.97,-0.09,12,86
138.752589,1498,120.05,0.95,12,73
138.780298,1499,120.01,-0.22,12,83
138.808019,1500,120.03,-0.07,12,79
138.835753,1501,119.98,-0.75,12,79
138.86348,1502,120.06,-0.15,12,82
138.891141,1503,120.04,-0.57,12,70
138.918871,1504,120.0,-0.27,12,76
138.946573,1505,119.98,-0.75,12,88
138.974289,1506,120.06,-0.88,12,70
139.002031,1507,120.0,-0.54,12,73
139.029741,1508,119.96,-0.44,12,74
139.057425,1509,120.04,-0.68,12,79
139.08508,1510,119.97,0.63,12,88
139.112769,1511,120.05,0.66,12,88
139.140508,1512,119.95,0.69,12,72
139.168161,1513,120.03,-0.82,12,84
139.195852,1514,119.98,-0.95,12,86
139.223599,1515,120.06,-0.82,12,79
139.251267,1516,119.95,0.04,12,83
139.279015,1517,120.03,0.31,12,79
139.306735,1518,120.0,-0.5,12,72
139.334423,1519,119.98,-0.69,12,72
139.362084,1520,120.06,0.06,12,78
139.389833,1521,119.98,-0.72,12,71
139.417489,1522,120.06,0.12,12,70
139.445223,1523,120.02,-0.3,12,83
139.472972,1524,120.05,-0.65,12,79
139.500712,1525,120.01,0.21,12,81
139.528456,1526,119.98,1.0,12,89
139.556158,1527,120.06,0.79,12,71
139.583835,1528,119.95,-0.39,12,73
139.611533,1529,120.03,0.7,12,87
139.639264,1530,120.01,-0.62,12,72
139.666916,1531,120.02,-0.86,12,72
139.69458,1532,119.97,-0.25,12,83
139.722288,1533,120.05,-0.77,12,75
139.749945,1534,120.02,0.7,12,77
139.777652,1535,119.98,-0.05,12,80
139.805315,1536,120.06,-0.06,12,80
139.832989,1537,119.95,0.55,12,78
139.860706,1538,120.03,-0.64,12,85
139.888382,1539,120.01,0.28,12,82
139.916104,1540,120.03,-0.55,12,73
139.943764,1541,119.95,0.11,12,72
139.971502,1542,120.03,-0.38,12,86
139.999156,1543,119.96,-0.84,12,82
140.026809,1544,120.04,0.22,12,83
140.05454,1545,119.96,-0.56,12,88
140.08221,1546,120.04,-0.86,12,79
140.109944,1547,120.04,0.21,12,85
140.137642,1548,119.95,-0.64,12,85
140.165293,1549,120.03,0.38,12,84
140.192969,1550,119.99,0.59,12,72
140.220673,1551,120.07,-0.68,12,89
140.24837,1552,119.97,-0.56,12,73
140.27604,1553,120.05,-0.58,12,88
140.303739,1554,120.02,-0.44,12,81
140.331407,1555,119.97,-0.2,12,79
140.359126,1556,120.05,0.31,12,73
140.386823,1557,120.01,-0.21,12,84
140.414545,1558,119.96,-0.94,12,89
140.442252,1559,120.04,0.39,12,75
140.470002,1560,119.95,0.34,12,74
140.497744,1561,120.03,-0.75,12,80
140.525447,1562,119.96,-0.55,12,85
140.553195,1563,120.04,-0.52,12,80
140.580899,1564,119.97,0.28,12,85
140.608631,1565,120.05,-0.07,12,71
140.636328,1566,119.98,0.68,12,85
140.664,1567,120.06,-0.52,12,77
140.691726,1568,119.98,0.51,12,79
140.719391,1569,120.06,-0.02,12,72
140.747098,1570,119.99,0.2,12,89
140.774839,1571,120.07,0.54,12,82
140.802525,1572,119.97,-0.92,12,74
140.830213,1573,120.05,0.83,12,80
140.857884,1574,120.03,0.02,12,89
140.885555,1575,119.99,-0.12,12,84
140.913278,1576,120.07,0.19,12,86
140.940982,1577,119.98,-0.22,12,88
140.968654,1578,120.06,0.11,12,86
140.99637,1579,119.97,0.68,12,90
141.024099,1580,120.05,-0.99,12,83
141.051782,1581,119.98,-0.79,12,73
141.07947,1582,120.06,0.01,12,79
141.107151,1583,119.95,-0.27,12,81
141.134901,1584,120.03,0.53,12,86
141.162556,1585,120.02,0.28,12,76
141.190262,1586,120.05,-0.24,12,75
141.217949,1587,119.95,0.71,12,85
141.245655,1588,120.03,-0.39,12,75
141.273382,1589,120.01,0.27,12,85
141.301113,1590,119.99,0.5,12,82
141.328812,1591,120.07,-0.84,12,89
141.35653,1592,120.01,-0.0,12,78
141.384229,1593,120.0,0.64,12,80
141.411966,1594,119.98,-0.06,12,88
141.439643,1595,120.06,-0.25,12,84
141.467294,1596,120.02,0.38,12,80
141.494987,1597,119.98,-0.77,12,70
141.522718,1598,120.06,0.85,12,78
141.550381,1599,119.99,0.68,12,71
141.578069,1600,120.07,0.26,12,73
141.605792,1601,119.95,-0.63,12,81
141.63345,1602,120.03,0.1,12,81
141.661103,1603,119.99,-0.26,12,82
141.688832,1604,120.07,0.92,12,85
141.716485,1605,120.03,0.9,12,85
141.74416,1606,119.98,-0.97,12,84
141.771817,1607,120.06,-0.16,12,78
141.799531,1608,120.0,0.86,12,77
141.827255,1609,119.96,-0.34,12,75
141.854997,1610,120.04,-0.27,12,79
141.882716,1611,120.01,0.84,12,82
141.910446,1612,119.98,0.38,12,82
141.938097,1613,120.06,-0.69,12,70
141.96584,1614,119.98,0.72,12,86
141.99357,1615,120.06,-0.07,12,71
142.021251,1616,119.99,-0.85,12,82
142.048977,1617,120.07,-0.65,12,70
142.076715,1618,120.01,-0.61,12,71
142.104439,1619,119.96,0.67,12,85
142.132131,1620,120.04,0.64,12,89
142.159825,1621,120.01,0.92,12,86
142.187551,1622,120.04,-0.19,12,75
142.21527,1623,120.01,-0.62,12,78
142.242985,1624,120.03,-0.27,12,72
142.270729,1625,119.96,0.36,12,79
142.298407,1626,120.04,-0.07,12,76
142.326084,1627,120.03,0.82,12,80
142.353757,1628,120.01,-0.1,12,82
142.381463,1629,119.99,-0.19,12,73
142.409189,1630,120.07,0.44,12,84
142.436855,1631,120.03,-0.51,12,75
142.464526,1632,119.97,-0.02,12,72
142.492208,1633,120.05,-0.52,12,79
142.519893,1634,119.95,-0.65,12,80
142.547591,1635,120.03,-0.34,12,79
142.575341,1636,119.99,0.29,12,79
142.603091,1637,120.07,0.84,12,89
142.630821,1638,119.98,-0.74,12,85
142.65849,1639,120.06,0.71,12,85
142.686208,1640,119.96,-0.65,12,72
142.71391,1641,120.04,0.27,12,80
142.741605,1642,119.96,-0.04,12,82
142.769348,1643,120.04,0.47,12,76
142.797093,1644,120.0,0.05,12,82
142.824823,1645,119.98,0.72,12,81
142.85257,1646,120.06,0.03,12,86
142.880297,1647,119.98,-0.2,12,79
142.907999,1648,120.06,0.88,12,83
142.935661,1649,120.0,-0.45,12,86
142.963338,1650,120.02,0.96,12,87
142.991001,1651,119.96,-0.64,12,81
143.018699,1652,120.04,0.94,12,81
143.046384,1653,119.99,-0.64,12,74
143.074095,1654,120.07,0.54,12,81
143.101788,1655,120.0,0.33,12,77
143.129483,1656,119.99,0.82,12,79
143.157163,1657,120.07,0.77,12,88
143.184855,1658,119.97,0.26,12,75
143.21256,1659,120.05,0.83,12,76
143.240258,1660,119.98,-0.11,12,79
143.267995,1661,120.06,-0.39,12,72
143.295672,1662,120.0,-0.38,12,87
143.323346,1663,120.0,-0.99,12,80
143.351044,1664,119.98,-0.55,12,80
143.378738,1665,120.06,-0.17,12,74
143.406403,1666,120.0,-0.38,12,72
143.434141,1667,120.03,0.15,12,79
143.461807,1668,120.02,0.35,12,70
143.489501,1669,120.0,0.79,12,70
143.51723,1670,120.0,0.88,12,75
143.544955,1671,119.96,-0.99,12,81
143.572609,1672,120.04,0.89,12,81
143.600352,1673,119.98,0.14,12,76
143.628078,1674,120.06,0.37,12,78
143.655751,1675,120.02,0.58,12,74
143.683476,1676,120.0,-0.55,12,86
143.711147,1677,120.04,-0.42,12,87
143.738844,1678,120.02,0.26,12,72
143.766579,1679,120.0,0.05,12,80
143.794284,1680,119.97,-0.04,12,72
143.821956,1681,120.05,-0.74,12,86
143.849606,1682,119.97,0.58,12,76
143.877303,1683,120.05,-0.5,12,72
143.904982,1684,119.95,0.36,12,79
143.932657,1685,120.03,-0.71,12,80
143.96031,1686,120.04,-0.95,12,78
143.988056,1687,120.05,0.18,12,83
144.015789,1688,120.01,0.65,12,76
144.043473,1689,119.96,-0.8,12,86
144.071169,1690,120.04,-0.11,12,77
144.098905,1691,120.02,0.89,12,79
144.126647,1692,120.02,0.27,12,72
144.1543,1693,120.0,-0.85,12,89
144.182014,1694,120.02,-0.12,12,87
144.209731,1695,119.95,0.58,12,75
144.237413,1696,120.03,-0.32,12,89
144.265085,1697,119.98,0.55,12,86
144.29281,1698,120.06,0.11,12,78
144.32049,1699,120.02,0.95,12,75
144.348167,1700,119.97,0.95,12,74
144.375861,1701,120.05,-0.34,12,75
144.403527,1702,120.03,0.83,12,83
144.431189,1703,119.99,-0.36,12,82
144.45887,1704,120.07,-0.91,12,90
144.486562,1705,120.03,0.1,12,82
144.514302,1706,120.0,-0.26,12,80
144.542015,1707,120.02,-0.27,12,83
144.569737,1708,119.96,-0.72,12,74
144.597456,1709,120.04,0.46,12,87
144.625142,1710,119.96,0.67,12,72
144.652862,1711,120.04,-0.48,12,74
144.680586,1712,119.97,0.77,12,83
144.708275,1713,120.05,-0.67,12,85
144.735947,1714,120.01,0.03,12,89
144.763684,1715,120.0,0.12,12,72
144.791341,1716,120.01,0.21,12,88
144.819018,1717,119.98,-0.11,12,85
144.846685,1718,120.06,0.67,12,76
144.874338,1719,119.98,0.89,12,84
144.902029,1720,120.06,0.71,12,72
144.929685,1721,119.97,-0.16,12,85
144.957391,1722,120.05,0.2,12,87
144.985133,1723,119.98,-0.13,12,85
145.012846,1724,120.06,0.49,12,86
145.040511,1725,120.0,0.65,12,85
145.068165,1726,120.0,0.67,12,88
145.095897,1727,119.96,0.46,12,74
145.123636,1728,120.04,0.76,12,77
145.151377,1729,120.03,0.53,12,70
145.179073,1730,120.03,-0.88,12,79
145.206785,1731,119.98,0.7,12,73
145.234504,1732,120.06,-0.51,12,85
145.26216,1733,120.04,-0.34,12,78
145.289883,1734,120.02,-0.81,12,72
145.317607,1735,119.96,0.93,12,81
145.345312,1736,120.04,0.15,12,72
145.37298,1737,120.01,-0.47,12,86
145.400698,1738,120.0,-0.72,12,84
145.428378,1739,119.98,-0.53,12,82
145.456109,1740,120.06,0.21,12,86
145.483822,1741,119.97,0.99,12,84
145.511537,1742,120.05,0.88,12,77
145.539274,1743,120.04,0.99,12,83
145.566947,1744,120.03,0.05,12,77
145.594614,1745,120.03,-0.64,12,87
145.6223,1746,120.04,0.45,12,74
145.64997,1747,120.01,-0.12,12,90
145.67771,1748,120.02,0.12,12,76
145.705421,1749,120.04,0.91,12,81
145.733151,1750,119.97,0.06,12,72
145.760847,1751,120.05,0.73,12,84
145.788497,1752,120.02,-0.12,12,87
145.816243,1753,119.98,0.22,12,88
145.843952,1754,120.06,0.05,12,76
145.87162,1755,119.96,0.02,12,77
145.899362,1756,120.04,-0.49,12,82
145.927065,1757,119.97,-0.78,12,81
145.954756,1758,120.05,-0.1,12,75
145.982457,1759,119.98,0.57,12,78
146.010202,1760,120.06,0.63,12,83
146.037888,1761,120.02,-0.97,12,76
146.065621,1762,119.97,0.71,12,71
146.093363,1763,120.05,0.19,12,76
146.121092,1764,120.03,0.72,12,70
146.148771,1765,120.04,0.34,12,90
146.176509,1766,119.95,0.56,12,70
146.204235,1767,120.03,-0.91,12,71
146.231957,1768,120.03,-0.78,12,72
146.259686,1769,120.01,0.12,12,86
146.287386,1770,119.99,-0.03,12,74
146.315112,1771,120.07,-0.76,12,88
146.342817,1772,119.98,0.36,12,84
146.370528,1773,120.06,-0.98,12,80
146.398205,1774,120.04,0.32,12,72
146.425868,1775,120.0,0.75,12,81
146.453521,1776,120.03,0.81,12,83
146.481217,1777,120.03,0.87,12,83
146.508948,1778,120.05,0.95,12,90
146.536674,1779,119.95,-0.79,12,74
146.564351,1780,120.03,0.17,12,74
146.592051,1781,120.0,0.75,12,87
146.619738,1782,119.98,-0.97,12,75
146.64747,1783,120.06,-0.8,12,76
146.675206,1784,120.0,0.23,12,72
146.702889,1785,119.98,-0.04,12,88
146.730547,1786,120.06,0.44,12,82
146.758233,1787,119.98,-0.05,12,77
146.785899,1788,120.06,-0.9,12,81
146.813587,1789,120.0,0.67,12,73
146.841242,1790,119.99,0.51,12,70
146.868935,1791,120.07,0.59,12,72
146.89665,1792,119.99,0.61,12,76
146.924323,1793,120.07,-0.35,12,82
146.952013,1794,119.99,0.22,12,89
146.979725,1795,120.07,-0.89,12,74
147.00747,1796,120.03,-0.24,12,85
147.035202,1797,119.95,-0.27,12,86
147.062909,1798,120.03,0.33,12,89
147.090636,1799,120.01,0.48,12,85
147.118348,1800,120.03,-0.14,12,76
147.146022,1801,119.98,0.13,12,73
147.173735,1802,120.06,-0.89,12,76
147.201441,1803,119.95,-0.49,12,90
147.229147,1804,120.03,-0.84,12,73
147.256856,1805,119.97,0.88,12,76
147.284523,1806,120.05,0.59,12,78
147.312174,1807,119.99,0.94,12,76
147.339874,1808,120.07,-0.63,12,89
147.367595,1809,120.05,-0.8,12,72
147.395306,1810,119.99,0.7,12,81
147.42301,1811,120.07,-0.17,12,78
147.450674,1812,119.96,0.88,12,81
147.478369,1813,120.04,-0.88,12,85
147.50605,1814,119.97,0.82,12,76
147.53373,1815,120.05,-0.52,12,75
147.561464,1816,120.02,-0.16,12,79
147.589126,1817,119.95,-0.87,12,78
147.616873,1818,120.03,-0.8,12,72
147.644574,1819,120.03,0.96,12,89
147.672241,1820,120.0,-0.45,12,87
147.699962,1821,120.01,0.75,12,77
147.727641,1822,120.02,0.04,12,72
147.755379,1823,119.95,0.85,12,73
147.783066,1824,120.03,-0.39,12,79
147.810745,1825,120.0,0.93,12,90
147.838415,1826,119.96,0.65,12,77
147.866154,1827,120.04,0.04,12,77
147.893854,1828,119.96,0.95,12,80
147.921585,1829,120.04,0.96,12,77
147.94929,1830,120.0,-0.46,12,75
147.976972,1831,120.03,0.59,12,87
148.004668,1832,120.0,0.62,12,71
148.032353,1833,120.01,0.4,12,76
148.060004,1834,119.97,0.32,12,77
148.087655,1835,120.05,-0.54,12,86
148.115399,1836,119.98,-0.56,12,80
148.143117,1837,120.06,0.78,12,70
148.170793,1838,120.04,-0.88,12,86
148.198527,1839,120.03,-0.39,12,86
148.226238,1840,120.01,-0.67,12,76
148.25398,1841,119.99,-0.29,12,85
148.281695,1842,120.07,-0.53,12,88
148.309429,1843,119.96,-0.64,12,79
148.337168,1844,120.04,-0.09,12,77
148.364818,1845,119.98,0.71,12,75
148.392513,1846,120.06,-0.53,12,87
148.420193,1847,119.99,0.75,12,72
148.447939,1848,120.07,-0.36,12,73
148.475667,1849,120.0,-0.06,12,79
148.503393,1850,120.05,0.3,12,89
148.531062,1851,119.99,-0.49,12,86
148.558758,1852,120.07,0.66,12,72
148.586411,1853,120.03,-0.39,12,80
148.614138,1854,120.03,0.1,12,78
148.64183,1855,119.99,0.19,12,72
148.669508,1856,120.07,-0.77,12,79
148.697212,1857,120.0,-0.14,12,77
148.72494,1858,119.99,0.31,12,80
148.752683,1859,120.07,0.85,12,74
148.780344,1860,119.96,0.05,12,86
148.808014,1861,120.04,0.05,12,72
148.835695,1862,119.96,-0.43,12,79
148.863376,1863,120.04,0.33,12,73
148.891052,1864,120.05,-0.07,12,84
148.918758,1865,119.98,0.16,12,71
148.946478,1866,120.06,0.79,12,78
148.974152,1867,119.97,-1.0,12,83
149.001859,1868,120.05,0.53,12,89
149.029575,1869,120.0,0.1,12,87
149.057312,1870,120.04,-0.52,12,88
149.085031,1871,119.97,0.0,12,81
149.112776,1872,120.05,-0.7,12,85
149.140494,1873,120.02,0.16,12,90
149.168167,1874,120.02,0.53,12,83
149.195887,1875,119.96,0.28,12,78
149.223579,1876,120.04,-0.83,12,73
149.251293,1877,120.04,0.03,12,85
149.27895,1878,119.98,-0.15,12,75
149.306661,1879,120.06,-0.29,12,82
149.334354,1880,119.95,-0.04,12,84
149.362038,1881,120.03,-0.4,12,86
149.389767,1882,120.04,-0.4,12,82
149.417452,1883,120.04,-0.27,12,82
149.445137,1884,120.01,0.57,12,90
149.472845,1885,120.0,0.81,12,88
149.500551,1886,119.98,0.08,12,89
149.528234,1887,120.06,-0.19,12,89
149.555981,1888,120.05,-0.04,12,79
149.583689,1889,119.97,-0.65,12,76
149.611393,1890,120.05,0.3,12,81
149.639072,1891,119.99,-0.04,12,79
149.666745,1892,120.07,0.07,12,75
149.694452,1893,119.96,-0.67,12,77
149.722133,1894,120.04,0.21,12,73
149.74982,1895,120.02,-0.21,12,86
149.777531,1896,119.96,-0.99,12,78
149.805182,1897,120.04,-0.4,12,80
149.832926,1898,120.02,-0.75,12,78
149.860653,1899,120.03,0.41,12,76
149.888398,1900,120.0,0.42,12,73
149.916068,1901,119.97,-0.95,12,78
149.943748,1902,120.05,0.06,12,88
149.971399,1903,119.97,0.83,12,75
149.999097,1904,120.05,0.29,12,70
150.026842,1905,120.01,0.21,12,83
150.054555,1906,119.97,0.71,12,76
150.082291,1907,120.05,0.18,12,87
150.110012,1908,120.01,0.22,12,74
150.137677,1909,119.99,-0.88,12,88
150.165391,1910,120.07,-0.93,12,74
150.193074,1911,120.0,-0.33,12,71
150.220788,1912,119.96,0.27,12,86
150.248488,1913,120.04,0.05,12,71
150.276146,1914,120.01,0.04,12,80
150.303887,1915,119.96,0.77,12,77
150.331578,1916,120.04,-0.53,12,75
150.359281,1917,120.02,0.33,12,79
150.386953,1918,120.04,0.17,12,87
150.414625,1919,119.97,-0.37,12,71
150.44228,1920,120.05,-0.18,12,78
150.469996,1921,119.97,0.48,12,89
150.497699,1922,120.05,0.39,12,79
150.525393,1923,119.98,-1.0,12,89
150.553117,1924,120.06,-0.27,12,87
150.580774,1925,120.01,-0.77,12,89
150.608438,1926,119.96,0.34,12,89
150.636109,1927,120.04,0.07,12,87
150.663854,1928,119.98,-0.72,12,88
150.691514,1929,120.06,0.67,12,74
150.719204,1930,119.96,-0.56,12,71
150.746859,1931,120.04,0.94,12,76
150.774531,1932,119.98,-0.29,12,82
150.802211,1933,120.06,0.91,12,83
150.829871,1934,119.96,0.44,12,74
150.857585,1935,120.04,-0.28,12,77
150.885235,1936,119.95,-0.22,12,76
150.912901,1937,120.03,-0.28,12,85
150.94058,1938,120.03,0.21,12,83
150.968245,1939,119.99,-0.66,12,89
150.995961,1940,120.07,-0.36,12,70
151.023646,1941,120.02,0.26,12,80
151.051364,1942,119.98,0.45,12,78
151.079112,1943,120.06,-0.88,12,70
151.106766,1944,120.02,0.67,12,80
151.134418,1945,120.0,0.26,12,77
151.162117,1946,119.98,0.65,12,70
151.189864,1947,120.06,-0.9,12,83
151.21754,1948,119.96,0.18,12,78
151.245239,1949,120.04,0.58,12,84
151.272983,1950,119.98,-0.13,12,76
151.300663,1951,120.06,-0.1,12,81
151.328387,1952,119.99,0.7,12,75
151.356061,1953,120.07,0.59,12,83
151.383802,1954,120.01,-0.48,12,75
151.411509,1955,119.96,0.67,12,75
151.439167,1956,120.04,-0.27,12,81
151.466876,1957,119.96,-0.18,12,71
151.494621,1958,120.04,-0.7,12,85
151.522297,1959,120.01,0.7,12,72
151.549991,1960,120.02,0.28,12,83
151.57773,1961,120.04,0.0,12,71
151.60546,1962,119.99,0.42,12,72
151.633129,1963,120.07,-0.59,12,71
151.660798,1964,120.02,0.44,12,84
151.688467,1965,120.03,-0.45,12,76
151.716193,1966,120.05,-0.99,12,85
151.743893,1967,120.05,0.29,12,80
151.77159,1968,119.96,-0.08,12,78
151.799327,1969,120.04,-0.71,12,85
151.827043,1970,119.99,-0.8,12,79
151.854762,1971,120.07,-0.63,12,79
151.882427,1972,120.01,-0.14,12,85
151.910102,1973,120.0,-0.96,12,87
151.937815,1974,119.96,-0.19,12,76
151.965469,1975,120.04,0.41,12,81
151.993126,1976,120.0,-0.81,12,74
152.020861,1977,120.02,-0.11,12,90
152.048563,1978,120.03,-0.93,12,89
152.076222,1979,119.97,0.13,12,78
152.103886,1980,120.05,0.86,12,75
152.131564,1981,120.03,0.49,12,76
152.159236,1982,119.99,-0.13,12,87
152.186916,1983,120.07,-0.97,12,84
152.214599,1984,120.03,-0.91,12,75
152.242314,1985,120.04,0.84,12,81
152.270007,1986,119.97,0.65,12,73
152.297676,1987,120.05,-0.43,12,87
152.325387,1988,119.97,-0.19,12,74
152.353101,1989,120.05,0.54,12,88
152.380783,1990,119.98,-0.71,12,81
152.408514,1991,120.06,-0.45,12,88
152.436205,1992,119.99,-0.75,12,89
152.463872,1993,120.07,0.29,12,79
152.491606,1994,120.04,-0.43,12,80
152.519319,1995,119.98,-0.56,12,87
152.547046,1996,120.06,-0.72,12,73
152.574757,1997,119.99,0.27,12,87
152.602409,1998,120.07,-0.82,12,79
152.630077,1999,120.04,0.72,12,77
152.65773,2000,120.03,0.01,12,82
152.685467,2001,119.96,-0.4,12,81
152.713164,2002,120.04,-0.32,12,86
152.740825,2003,120.05,0.58,12,72
152.768491,2004,120.01,-0.77,12,83
152.796188,2005,120.03,0.08,12,77
152.823906,2006,120.02,0.29,12,79
152.851607,2007,119.98,0.93,12,85
152.879261,2008,120.06,-0.56,12,84
152.906918,2009,119.98,0.9,12,77
152.934631,2010,120.06,-0.43,12,72
152.962299,2011,119.95,0.35,12,74
152.990022,2012,120.03,0.42,12,80
153.017704,2013,120.0,-0.87,12,79
153.04544,2014,119.98,-0.18,12,72
153.073182,2015,120.06,0.52,12,73
153.100876,2016,120.04,-0.85,12,89
153.128598,2017,119.97,-0.1,12,72
153.156278,2018,120.05,-0.2,12,83
153.183985,2019,119.99,0.9,12,83
153.211693,2020,120.07,0.58,12,78
153.239425,2021,119.96,0.09,12,79
153.267103,2022,120.04,-0.67,12,86
153.29476,2023,120.0,0.77,12,70
153.322498,2024,120.0,-0.39,12,83
153.350238,2025,120.01,-0.25,12,75
153.377933,2026,119.98,-0.72,12,74
153.405666,2027,120.06,0.18,12,71
153.433354,2028,119.98,-0.8,12,87
153.46107,2029,120.06,-0.49,12,71
153.488789,2030,119.97,-0.67,12,83
153.516521,2031,120.05,-0.37,12,83
153.544171,2032,119.97,0.33,12,82
153.571876,2033,120.05,-0.67,12,81
153.599579,2034,120.04,-0.99,12,73
153.627249,2035,120.04,0.83,12,74
153.654901,2036,120.05,0.38,12,70
153.682566,2037,119.97,-0.06,12,80
153.710256,2038,120.05,0.79,12,83
153.737927,2039,119.98,-0.12,12,78
153.765588,2040,120.06,-0.46,12,75
153.793324,2041,120.03,0.29,12,81
153.821045,2042,120.01,-0.92,12,71
153.848768,2043,119.99,0.21,12,74
153.876425,2044,120.07,-0.22,12,89
153.904088,2045,120.01,-0.21,12,70
153.93174,2046,120.0,0.37,12,79
153.959436,2047,119.97,0.72,12,73
153.987159,2048,120.05,0.44,12,73
154.014835,2049,119.95,-0.96,12,87
154.04256,2050,120.03,0.29,12,79
154.070224,2051,119.97,-0.98,12,79
154.097958,2052,120.05,-0.83,12,78
154.125655,2053,119.95,-0.69,12,72
154.153332,2054,120.03,0.38,12,76
154.180987,2055,119.96,-0.69,12,76
154.208653,2056,120.04,0.72,12,86
154.236397,2057,120.0,0.59,12,81
154.264051,2058,119.97,0.1,12,84
154.291708,2059,120.05,0.61,12,81
154.319454,2060,119.96,-0.12,12,80
154.347151,2061,120.04,0.96,12,87
154.374812,2062,120.02,0.25,12,82
154.402525,2063,120.0,0.95,12,85
154.430252,2064,119.99,-0.39,12,81
154.457965,2065,120.07,0.56,12,74
154.485662,2066,120.02,-0.9,12,81
154.513395,2067,119.96,-0.25,12,70
154.541115,2068,120.04,0.86,12,85
154.568801,2069,120.05,-0.0,12,85
154.596519,2070,119.99,0.43,12,71
154.624199,2071,120.07,0.23,12,80
154.65189,2072,119.96,0.08,12,80
154.679565,2073,120.04,0.78,12,73
154.707225,2074,119.98,-0.81,12,87
154.734974,2075,120.06,-0.84,12,81
154.762676,2076,120.03,0.75,12,86
154.790426,2077,120.01,0.58,12,85
154.818157,2078,119.98,-0.29,12,74
154.845821,2079,120.06,0.77,12,82
154.873569,2080,119.98,0.9,12,71
154.901263,2081,120.06,0.01,12,82
154.928958,2082,120.04,-0.12,12,72
154.956664,2083,120.03,-0.09,12,79
154.984351,2084,119.97,0.65,12,89
155.012094,2085,120.05,-0.69,12,89
155.03978,2086,120.04,-0.59,12,79
155.067521,2087,120.0,0.16,12,80
155.095259,2088,119.95,-0.51,12,81
155.123001,2089,120.03,-0.37,12,84
155.150665,2090,120.0,-0.46,12,75
155.178364,2091,120.01,0.03,12,86
155.206075,2092,120.04,0.86,12,71
155.233808,2093,119.97,-0.58,12,85
155.261534,2094,120.05,0.69,12,83
155.289283,2095,119.96,-0.16,12,86
155.317009,2096,120.04,-0.24,12,76
155.344704,2097,119.99,-0.89,12,76
155.372383,2098,120.07,-0.49,12,85
155.400054,2099,120.03,0.48,12,84
